"dbn","boro","lat","lon","ontrack_year1_2013","graduation_rate_2013","college_career_rate_2013","student_satisfaction_2013","ontrack_year1_2012","graduation_rate_2012","college_career_rate_2012","student_satisfaction_2012"
"07X600","Bronx","40.81824688900048","-73.91973567799965","0.75","0.51","0.23","0.068","0.77","0.56","0.15","0.062"
"12X692","Bronx","40.83136649000045","-73.87882327699964","0.61","0.45","0.27","0.064","0.66","0.42","0.25","0.063"
"12X684","Bronx","40.84180522100047","-73.87541771299965","0.65","0.65","0.38","0.068","0.69","0.57","0.29","0.063"
"12X682","Bronx","40.83080715400047","-73.88602131599964","0.74","0.66","0.44","0.074","0.72","0.59","0.31","0.068"
"12X550","Bronx","40.83136649000045","-73.87882327699964","0.7","0.47","0.29","0.08","0.76","0.58","0.43","0.071"
"12X278","Bronx","40.82522606000049","-73.89394988899966","0.59","0.43","0.23","0.092","0.5","0.42","0.21","0.087"
"12X271","Bronx","40.83695342600049","-73.88796175799968","0.77","0.7","0.46","0.075","0.72","0.75","0.42","0.069"
"12X267","Bronx","40.82776397900045","-73.90038681299967","0.87","0.73","0.63","0.086","0.81","0.77","0.7","0.088"
"12X251","Bronx","40.835937328000455","-73.89046769299966","0.78","0.55","0.41","0.075","0.68","0.63","0.42","0.069"
"12X248","Bronx","40.82522606000049","-73.89394988899966","0.77","0.71","0.42","0.076","0.87","0.75","0.53","0.072"
"11X545","Bronx","40.87575421100047","-73.86138783399963","0.66","0.74","0.58","0.061","0.76","0.75","0.56","0.059"
"11X544","Bronx","40.87575421100047","-73.86138783399963","0.83","0.71","0.57","0.066","0.8","0.72","0.49","0.064"
"11X542","Bronx","40.85969831600045","-73.86074140399967","0.81","0.95","0.83","0.074","0.79","0.91","0.83","0.07"
"11X514","Bronx","40.887919214000476","-73.85287161399964","0.74","0.57","0.24","0.071","0.7","0.5","0.28","0.065"
"11X513","Bronx","40.887919214000476","-73.85287161399964","0.85","0.84","0.57","0.077","0.91","0.74","0.5","0.071"
"11X455","Bronx","40.87413179800046","-73.83380451299968","0.67","0.58","0.34","0.071","0.61","0.65","0.32","0.067"
"11X418","Bronx","40.851433485000484","-73.86501795899966","0.66","0.58","0.35","0.075","0.57","0.62","0.37","0.063"
"11X299","Bronx","40.85969831600045","-73.86074140399967","0.8","0.63","0.45","0.063","0.82","0.69","0.41","0.062"
"11X290","Bronx","40.87575421100047","-73.86138783399963","0.76","0.66","0.67","0.066","0.78","0.74","0.62","0.059"
"11X288","Bronx","40.85969831600045","-73.86074140399967","0.77","0.89","0.81","0.078","0.82","0.9","0.61","0.073"
"11X275","Bronx","40.87575421100047","-73.86138783399963","0.86","0.85","0.67","0.078","0.89","0.82","0.52","0.069"
"11X270","Bronx","40.887919214000476","-73.85287161399964","0.8","0.74","0.34","0.066","0.81","0.7","0.41","0.059"
"11X265","Bronx","40.87575421100047","-73.86138783399963","0.81","0.66","0.39","0.068","0.87","0.58","0.42","0.066"
"11X253","Bronx","40.87575421100047","-73.86138783399963","0.81","0.54","0.27","0.072","0.71","0.57","0.33","0.065"
"11X249","Bronx","40.87413179800046","-73.83380451299968","0.78","0.98","0.67","0.063","0.8","0.97","0.74","0.064"
"10X696","Bronx","40.8712553740005","-73.89751620399966","0.98","1","0.99","0.081","1","1","0.99","0.079"
"10X549","Bronx","40.87037746700048","-73.89816295199967","0.76","0.57","0.37","0.069","0.75","0.54","0.45","0.066"
"10X546","Bronx","40.87704944300049","-73.91233659899967","0.74","0.74","0.5","0.083","0.71","0.73","0.41","0.067"
"10X477","Bronx","40.87704944300049","-73.91233659899967","0.92","0.9","0.74","0.077","0.93","0.92","0.63","0.071"
"10X445","Bronx","40.87705636800047","-73.88978035099967","1","1","1","0.074","1","1","1","0.069"
"10X442","Bronx","40.87037746700048","-73.89816295199967","0.78","0.87","0.54","0.072","0.78","0.82","0.62","0.067"
"10X440","Bronx","40.88008184000046","-73.88590153299964","0.53","0.55","0.34","0.063","0.51","0.5","0.4","0.058"
"10X439","Bronx","40.86001222100049","-73.88822960399966","0.78","0.68","0.45","0.074","0.61","0.59","0.3","0.066"
"10X438","Bronx","40.86001222100049","-73.88822960399966","0.78","0.38","0.31","0.07","0.69","0.53","0.38","0.056"
"10X437","Bronx","40.86001222100049","-73.88822960399966","0.88","0.85","0.33","0.079","0.85","0.76","0.32","0.077"
"10X434","Bronx","40.86001222100049","-73.88822960399966","0.86","0.65","0.34","0.067","0.81","0.66","0.47","0.063"
"10X433","Bronx","40.87037746700048","-73.89816295199967","0.73","0.68","0.3","0.066","0.73","0.53","0.53","0.062"
"10X374","Bronx","40.86001222100049","-73.88822960399966","0.86","0.85","0.61","0.079","0.9","0.75","0.79","0.074"
"10X368","Bronx","40.88005009300048","-73.90920904799964","0.69","0.69","0.68","0.072","0.7","0.84","0.59","0.068"
"10X342","Bronx","40.87037746700048","-73.89816295199967","0.86","0.65","0.38","0.083","0.72","0.71","0.34","0.073"
"10X284","Bronx","40.87704944300049","-73.91233659899967","0.62","0.66","0.47","0.071","0.68","0.72","0.44","0.066"
"10X268","Bronx","40.87037746700048","-73.89816295199967","0.78","0.48","0.47","0.078","0.81","0.48","0.31","0.072"
"10X243","Bronx","40.86001222100049","-73.88822960399966","0.75","0.74","0.38","0.068","0.76","0.67","0.46","0.063"
"10X237","Bronx","40.875975449000464","-73.90123489199965","0.84","0.67","0.66","0.065","0.85","0.78","0.4","0.061"
"10X225","Bronx","40.85464659900049","-73.89664555299964","0.84","0.83","0.67","0.073","0.85","0.83","0.78","0.067"
"10X213","Bronx","40.87704944300049","-73.91233659899967","0.8","0.74","0.44","0.068","0.7","0.7","0.46","0.064"
"10X141","Bronx","40.88837284900046","-73.91409320399964","0.78","0.78","0.67","0.067","0.78","0.84","0.82","0.065"
"09X543","Bronx","40.8276026690005","-73.90447525699966","0.87","0.49","0.41","0.068","0.71","0.71","0.33","0.064"
"09X525","Bronx","40.84358119500047","-73.90322003799963","0.74","0.57","0.48","0.07","0.64","0.7","0.42","0.066"
"09X517","Bronx","40.83416725000046","-73.90403294799967","0.66","0.69","0.49","0.071","0.68","0.79","0.52","0.07"
"09X505","Bronx","40.827589367000485","-73.91866815999964","0.71","0.84","0.66","0.065","0.73","0.74","0.62","0.065"
"09X412","Bronx","40.84037339800045","-73.91083800799964","0.7","0.43","0.34","0.071","0.71","0.43","0.3","0.064"
"09X404","Bronx","40.8276026690005","-73.90447525699966","0.73","0.62","0.27","0.069","0.77","0.57","0.29","0.07"
"09X403","Bronx","40.8276026690005","-73.90447525699966","0.88","0.5","0.45","0.078","0.9","0.63","0.41","0.072"
"09X365","Bronx","40.84910216800046","-73.91608844099966","0.98","0.86","0.42","0.078","0.96","0.82","0.31","0.07"
"09X413","Bronx","40.84037339800045","-73.91083800799964","0.94","0.88","0.84","0.071","0.76","0.93","0.57","0.062"
"09X329","Bronx","40.84037339800045","-73.91083800799964","0.77","0.33","0.37","0.073","0.74","0.54","0.34","0.067"
"09X297","Bronx","40.8276026690005","-73.90447525699966","0.71","0.63","0.34","0.072","0.8","0.64","0.3","0.065"
"09X276","Bronx","40.8412708780005","-73.89797867699963","0.51","0.56","0.28","0.076","0.5","0.45","0.39","0.069"
"09X263","Bronx","40.839327126000455","-73.90130978999963","0.89","0.65","0.41","0.08","0.74","0.65","0.4","0.072"
"09X260","Bronx","40.833738559000494","-73.90244824499968","0.92","0.92","0.78","0.08","0.88","0.88","0.66","0.074"
"09X252","Bronx","40.839327126000455","-73.90130978999963","0.83","0.85","0.65","0.076","0.84","0.82","0.68","0.068"
"09X250","Bronx","40.833738559000494","-73.90244824499968","0.77","0.82","0.46","0.08","0.74","0.82","0.5","0.068"
"09X241","Bronx","40.839327126000455","-73.90130978999963","0.84","0.89","0.92","0.074","0.77","0.94","0.86","0.066"
"09X231","Bronx","40.84518532700048","-73.89698066799963","0.69","0.68","0.58","0.073","0.67","0.73","0.53","0.067"
"09X227","Bronx","40.84037339800045","-73.91083800799964","0.69","0.57","0.34","0.083","0.8","0.56","0.37","0.074"
"08X530","Bronx","40.81743944600049","-73.89804920599965","0.8","0.42","0.33","0.077","0.71","0.49","0.32","0.066"
"08X519","Bronx","40.82117077000049","-73.88113634599966","0.75","0.43","0.32","0.07","0.81","0.66","0.35","0.062"
"08X452","Bronx","40.82230376500047","-73.85596138999966","0.79","0.52","0.45","0.072","0.73","0.64","0.4","0.069"
"08X405","Bronx","40.840513977000455","-73.83812095999963","0.55","0.54","0.33","0.063","0.47","0.5","0.34","0.063"
"08X332","Bronx","40.81743944600049","-73.89804920599965","0.74","0.51","0.27","0.074","0.66","0.52","0.37","0.067"
"08X312","Bronx","40.82230376500047","-73.85596138999966","0.89","0.66","0.34","0.072","0.86","0.61","0.28","0.064"
"08X293","Bronx","40.840513977000455","-73.83812095999963","0.8","0.8","0.41","0.071","0.74","0.66","0.39","0.066"
"08X282","Bronx","40.814918340000474","-73.85656553499967","0.63","0.66","0.43","0.053","0.61","0.68","0.74","0.057"
"07X670","Bronx","40.81608448100047","-73.93032383899964","0.68","0.69","0.54","0.072","0.57","0.74","0.63","0.062"
"07X221","Bronx","40.81401081600046","-73.92083651699966","0.91","0.86","0.63","0.079","0.82","0.89","0.63","0.071"
"07X334","Bronx","40.810036192000496","-73.91781248199965","0.55","0.31","0.28","0.077","0.86","0.47","0.41","0.071"
"07X427","Bronx","40.81608448100047","-73.93032383899964","0.78","0.69","0.53","0.083","0.86","0.6","0.6","0.075"
"07X473","Bronx","40.81817353600047","-73.91109266299964","0.79","0.51","0.42","0.075","0.79","0.65","0.39","0.071"
"07X495","Bronx","40.81817353600047","-73.91109266299964","0.99","0.85","0.69","0.079","0.99","0.89","0.71","0.064"
"07X500","Bronx","40.814955342000474","-73.91251954199964","0.82","0.75","0.76","0.072","0.77","0.79","0.74","0.067"
"07X520","Bronx","40.81113885600047","-73.90978712699967","0.62","0.48","0.34","0.068","0.65","0.53","0.57","0.061"
"07X527","Bronx","40.82277649000048","-73.92352279399967","0.91","0.62","0.55","0.073","0.77","0.65","0.37","0.065"
"08X305","Bronx","40.82230376500047","-73.85596138999966","0.82","0.61","0.27","0.074","0.71","0.61","0.38","0.07"
"07X547","Bronx","40.82277649000048","-73.92352279399967","0.66","0.54","0.25","0.074","0.69","0.58","0.2","0.066"
"07X548","Bronx","40.82277649000048","-73.92352279399967","0.85","0.68","0.48","0.076","0.87","0.73","0.55","0.069"
"07X551","Bronx","40.81335930300048","-73.92553651499964","0.68","0.87","0.65","0.069","0.65","0.78","0.66","0.065"
"21K540","Brooklyn","40.589238098000465","-73.98174652399967","0.84","0.74","0.57","0.072","0.78","0.72","0.54","0.071"
"13K265","Brooklyn","40.69634377300048","-73.97577110199967","0.83","0.63","0.44","0.072","0.75","0.8","0.51","0.067"
"13K350","Brooklyn","40.69717472700046","-73.98495968899965","0.88","0.49","0.47","0.077","0.7","0.61","0.6","0.069"
"13K412","Brooklyn","40.69258225600049","-73.95887311699965","0.81","0.7","0.44","0.073","0.88","0.65","0.46","0.07"
"13K419","Brooklyn","40.69717472700046","-73.98495968899965","0.87","0.69","0.51","0.055","0.84","0.74","0.57","0.06"
"13K430","Brooklyn","40.688107423000474","-73.97674507199963","0.99","0.98","0.83","0.071","0.97","0.96","0.95","0.067"
"13K439","Brooklyn","40.69717472700046","-73.98495968899965","0.98","0.85","0.64","0.086","0.89","0.82","0.54","0.082"
"13K483","Brooklyn","40.69462011900049","-73.98862394499963","0.87","0.89","0.82","0.073","0.84","0.91","0.83","0.07"
"13K499","Brooklyn","40.678508914000474","-73.96206730599965","0.72","0.71","0.43","0.075","0.7","0.72","0.39","0.072"
"13K595","Brooklyn","40.68538126900046","-73.95426759999964","0.99","0.95","0.82","0.08","0.99","0.97","0.76","0.072"
"13K605","Brooklyn","40.69494440700049","-73.98603532399966","0.75","0.67","0.33","0.068","0.74","0.62","0.47","0.058"
"13K670","Brooklyn","40.69566241300049","-73.96928607699965","0.91","0.95","0.76","0.07","0.89","0.94","0.72","0.065"
"14K071","Brooklyn","40.7035773610005","-73.95323731199966","0.68","0.48","0.3","0.077","0.54","0.46","0.36","0.066"
"14K322","Brooklyn","40.69706108300045","-73.94667520499968","0.48","0.2","0.06","0.064","0.47","0.26","0.25","0.061"
"14K449","Brooklyn","40.709899960000484","-73.94365993499963","0.95","1","0.87","0.079","0.98","0.99","0.86","0.076"
"14K454","Brooklyn","40.709899960000484","-73.94365993499963","0.81","0.49","0.3","0.068","0.83","0.69","0.42","0.065"
"14K474","Brooklyn","40.71196311300048","-73.94043436699963","0.72","0.59","0.44","0.075","0.7","0.75","0.4","0.065"
"14K477","Brooklyn","40.71196311300048","-73.94043436699963","0.55","0.43","0.45","0.068","0.56","0.69","0.52","0.066"
"14K478","Brooklyn","40.71196311300048","-73.94043436699963","0.8","0.73","0.5","0.072","0.83","0.77","0.54","0.061"
"14K488","Brooklyn","40.71503755100048","-73.95464995899965","0.9","0.74","0.54","0.071","0.9","0.76","0.62","0.065"
"14K558","Brooklyn","40.71503755100048","-73.95464995899965","0.93","0.9","0.52","0.088","0.94","0.88","0.48","0.072"
"14K561","Brooklyn","40.71503755100048","-73.95464995899965","0.93","0.89","0.67","0.081","0.93","0.91","0.73","0.073"
"14K586","Brooklyn","40.709899960000484","-73.94365993499963","0.74","0.6","0.35","0.073","0.73","0.65","0.46","0.068"
"14K610","Brooklyn","40.72264264000046","-73.95258304499964","0.59","0.45","0.38","0.069","0.59","0.64","0.26","0.062"
"14K685","Brooklyn","40.705765931000485","-73.95572857199966","0.9","0.78","0.34","0.079","0.87","0.68","0.36","0.073"
"15K429","Brooklyn","40.68545180600046","-73.99349146499964","0.88","0.75","0.54","0.069","0.84","0.65","0.49","0.063"
"15K448","Brooklyn","40.679863998000485","-74.00148225799967","0.8","0.87","0.74","0.074","0.89","0.82","0.77","0.071"
"15K462","Brooklyn","40.66959817500049","-73.97925552199968","0.6","0.82","0.53","0.066","0.81","0.81","0.47","0.066"
"15K463","Brooklyn","40.66959817500049","-73.97925552199968","0.77","0.65","0.42","0.066","0.67","0.62","0.46","0.063"
"15K464","Brooklyn","40.66959817500049","-73.97925552199968","0.8","0.39","0.5","0.068","0.66","0.63","0.44","0.066"
"15K497","Brooklyn","40.68545180600046","-73.99349146499964","0.72","0.47","0.52","0.069","0.75","0.7","0.5","0.069"
"15K519","Brooklyn","40.68457913700047","-73.99109316299968","0.83","0.79","0.41","0.078","0.74","0.72","0.32","0.06"
"15K656","Brooklyn","40.683653990000494","-73.98047275099964","0.83","0.83","0.59","0.069","0.86","0.78","0.63","0.064"
"16K393","Brooklyn","40.69213370400047","-73.93150317199962","0.71","0.78","0.19","0.08","0.65","0.51","0.32","0.064"
"16K455","Brooklyn","40.67943304500045","-73.93243176999965","0.55","0.44","0.19","0.076","0.48","0.39","0.21","0.069"
"16K498","Brooklyn","40.68892554200045","-73.92108409899964","0.91","0.59","0.41","0.076","0.84","0.72","0.41","0.064"
"16K594","Brooklyn","40.68045547300045","-73.92219609199964","0.82","0.66","0.31","0.077","0.82","0.62","0.33","0.07"
"17K382","Brooklyn","40.64943967500045","-73.95843119799963","0.78","0.71","0.53","0.066","0.73","0.72","0.41","0.058"
"17K408","Brooklyn","40.64943967500045","-73.95843119799963","0.64","0.46","0.42","0.068","0.83","0.61","0.54","0.063"
"17K524","Brooklyn","40.67029890700047","-73.96164787599963","0.83","0.66","0.43","0.08","0.96","0.57","0.43","0.075"
"17K528","Brooklyn","40.67029890700047","-73.96164787599963","0.83","0.57","0.52","0.071","0.67","0.77","0.32","0.067"
"17K531","Brooklyn","40.6595170060005","-73.94254649899966","0.88","0.7","0.58","0.08","0.79","0.85","0.36","0.074"
"17K533","Brooklyn","40.6595170060005","-73.94254649899966","0.85","0.54","0.44","0.065","0.76","0.68","0.42","0.063"
"17K537","Brooklyn","40.64943967500045","-73.95843119799963","0.83","0.68","0.51","0.069","0.89","0.7","0.32","0.06"
"17K539","Brooklyn","40.64943967500045","-73.95843119799963","0.86","0.71","0.38","0.066","0.83","0.75","0.44","0.062"
"17K543","Brooklyn","40.64943967500045","-73.95843119799963","0.95","0.96","0.97","0.075","0.93","0.99","0.84","0.072"
"17K546","Brooklyn","40.6595170060005","-73.94254649899966","0.93","0.94","0.81","0.079","0.96","0.96","0.82","0.074"
"17K547","Brooklyn","40.67029890700047","-73.96164787599963","0.87","0.64","0.42","0.069","0.8","0.69","0.47","0.064"
"17K548","Brooklyn","40.67029890700047","-73.96164787599963","0.85","0.68","0.4","0.068","0.86","0.74","0.36","0.065"
"17K590","Brooklyn","40.66716208200046","-73.95085795499966","0.92","0.96","0.84","0.077","0.95","0.99","0.76","0.062"
"17K600","Brooklyn","40.67027055700049","-73.96165482399965","0.69","0.72","0.58","0.065","0.66","0.73","0.55","0.06"
"18K563","Brooklyn","40.64866366300049","-73.92189876199967","0.93","0.89","0.79","0.072","0.93","0.86","0.88","0.065"
"18K566","Brooklyn","40.63262743000047","-73.91779798899967","0.73","0.51","0.47","0.073","0.76","0.54","0.35","0.064"
"18K567","Brooklyn","40.63262743000047","-73.91779798899967","0.71","0.63","0.45","0.072","0.72","0.65","0.4","0.062"
"18K569","Brooklyn","40.64866366300049","-73.92189876199967","0.8","0.72","0.53","0.078","0.91","0.77","0.53","0.072"
"18K576","Brooklyn","40.63262743000047","-73.91779798899967","0.86","0.87","0.54","0.076","0.87","0.9","0.43","0.07"
"18K589","Brooklyn","40.65845703000048","-73.92903317399964","0.84","0.45","0.45","0.08","0.73","0.7","0.4","0.065"
"19K404","Brooklyn","40.65752260200048","-73.87477702499967","0.84","0.65","0.49","0.074","0.66","0.71","0.59","0.07"
"19K409","Brooklyn","40.66063702400049","-73.88634164999962","0.86","0.87","0.62","0.07","0.9","0.8","0.52","0.069"
"19K502","Brooklyn","40.66755311100047","-73.89480053699964","0.83","0.65","0.15","0.076","0.72","0.77","0.09","0.068"
"19K504","Brooklyn","40.66755311100047","-73.89480053699964","0.84","0.57","0.24","0.074","0.55","0.62","0.29","0.068"
"19K507","Brooklyn","40.66755311100047","-73.89480053699964","0.85","0.7","0.37","0.073","0.82","0.63","0.38","0.066"
"19K510","Brooklyn","40.66755311100047","-73.89480053699964","0.82","0.65","0.47","0.065","0.72","0.65","0.43","0.059"
"19K583","Brooklyn","40.69114396200047","-73.86842605699962","0.81","0.29","0.25","0.075","0.72","0.35","0.23","0.068"
"19K615","Brooklyn","40.6782307310005","-73.87597301199963","0.53","0.67","0.42","0.06","0.62","0.71","0.49","0.057"
"19K659","Brooklyn","40.69114396200047","-73.86842605699962","0.77","0.47","0.34","0.073","0.72","0.51","0.36","0.071"
"19K660","Brooklyn","40.674224214000446","-73.89645352099967","0.78","0.65","0.3","0.071","0.6","0.67","0.25","0.068"
"20K445","Brooklyn","40.61342449400047","-74.00365376599967","0.77","0.68","0.6","0.071","0.8","0.73","0.57","0.064"
"20K485","Brooklyn","40.63724571600045","-74.02381647299967","0.91","0.83","0.79","0.075","0.9","0.86","0.72","0.071"
"20K490","Brooklyn","40.62791337300047","-74.03995233799964","0.81","0.7","0.58","0.071","0.81","0.66","0.55","0.068"
"20K505","Brooklyn","40.620263373000455","-73.98201099999966","0.7","0.6","0.49","0.071","0.81","0.64","0.47","0.067"
"21K337","Brooklyn","40.59359381100046","-73.98472923199967","0.81","0.5","0.41","0.079","0.94","0.48","0.48","0.075"
"21K344","Brooklyn","40.582116150000445","-73.97289449199963","0.81","0.78","0.52","0.069","0.86","0.62","0.55","0.065"
"21K348","Brooklyn","40.59359381100046","-73.98472923199967","0.79","0.74","0.57","0.075","0.73","0.7","0.59","0.063"
"21K410","Brooklyn","40.58230836300049","-73.96746574699966","0.76","0.67","0.55","0.075","0.78","0.71","0.48","0.071"
"21K525","Brooklyn","40.62050435800046","-73.95923393299967","0.8","0.78","0.76","0.071","0.81","0.8","0.72","0.067"
"21K559","Brooklyn","40.59359381100046","-73.98472923199967","0.85","0.91","0.49","0.07","0.82","0.77","0.43","0.062"
"21K572","Brooklyn","40.59359381100046","-73.98472923199967","0.92","0.75","0.56","0.081","0.92","0.56","0.44","0.071"
"21K620","Brooklyn","40.58254803800048","-73.96371622099963","0.54","0.61","0.38","0.072","0.63","0.65","0.34","0.065"
"21K690","Brooklyn","40.6048770000005","-73.99441715399968","0.78","0.76","0.61","0.07","0.85","0.74","0.6","0.066"
"22K405","Brooklyn","40.63333549400045","-73.95291606399962","0.92","0.85","0.74","0.077","0.89","0.87","0.82","0.073"
"22K425","Brooklyn","40.60975848100048","-73.94845183699965","0.8","0.75","0.6","0.069","0.78","0.71","0.57","0.064"
"22K535","Brooklyn","40.5808471360005","-73.93608856899965","0.96","0.96","0.87","0.078","0.98","0.99","0.89","0.074"
"22K555","Brooklyn","40.64920062700048","-73.97169462099964","0.97","0.97","0.92","0.078","0.99","0.95","0.89","0.072"
"23K493","Brooklyn","40.67413738300047","-73.91349449099965","0.66","0.55","0.49","0.063","0.79","0.71","0.46","0.062"
"23K514","Brooklyn","40.665810912000495","-73.91169964499966","0.68","0.59","0.46","0.066","0.63","0.63","0.42","0.063"
"23K697","Brooklyn","40.665810912000495","-73.91169964499966","0.63","0.73","0.55","0.067","0.78","0.82","0.4","0.067"
"32K403","Brooklyn","40.696961848000456","-73.91081593899963","0.84","0.75","0.37","0.078","0.83","0.65","0.34","0.069"
"32K545","Brooklyn","40.694481845000496","-73.92915352799963","0.77","0.7","0.42","0.076","0.72","0.67","0.47","0.068"
"32K549","Brooklyn","40.696961848000456","-73.91081593899963","0.88","0.55","0.34","0.075","0.7","0.64","0.33","0.066"
"32K552","Brooklyn","40.696961848000456","-73.91081593899963","0.75","0.51","0.28","0.071","0.61","0.51","0.31","0.065"
"32K554","Brooklyn","40.69740779600045","-73.91315346199963","0.97","0.97","0.84","0.091","0.94","0.97","0.77","0.089"
"32K556","Brooklyn","40.69499576300046","-73.92798626699965","0.65","0.7","0.23","0.071","0.63","0.43","0.25","0.064"
"02M580","Manhattan","40.70523493900049","-74.01331503999967","0.71","0.72","0.55","0.07","0.61","0.74","0.41","0.068"
"02M551","Manhattan","40.690787629000454","-74.01975732599965","0.9","0.71","0.71","0.073","0.77","0.86","0.54","0.069"
"02M545","Manhattan","40.71686722400045","-73.98953194299963","0.98","0.98","0.88","0.076","0.96","0.93","0.95","0.071"
"02M543","Manhattan","40.71686722400045","-73.98953194299963","0.73","0.85","0.58","0.076","0.9","0.79","0.48","0.073"
"02M542","Manhattan","40.76502670800045","-73.99251657799965","0.98","0.82","0.7","0.083","0.92","0.87","0.52","0.072"
"02M531","Manhattan","40.7559425820005","-73.98456770199965","1","0.96","0.61","0.069","0.98","0.91","0.63","0.066"
"02M529","Manhattan","40.75775738600049","-73.98318779299967","0.67","0.66","0.43","0.074","0.75","0.69","0.4","0.068"
"02M520","Manhattan","40.71067947100045","-74.00080702099967","0.56","0.51","0.43","0.061","0.6","0.62","0.42","0.061"
"02M519","Manhattan","40.765445402000466","-73.96021378599966","0.97","0.96","0.81","0.077","0.93","0.96","0.82","0.067"
"02M489","Manhattan","40.70921962500046","-74.01202591499964","0.83","0.75","0.77","0.074","0.87","0.81","0.74","0.067"
"02M475","Manhattan","40.71774641500048","-74.01404904299966","0.99","0.98","0.99","0.077","0.99","0.99","0.99","0.071"
"02M459","Manhattan","40.765445402000466","-73.96021378599966","0.81","0.56","0.55","0.084","0.64","0.64","0.49","0.076"
"02M449","Manhattan","40.765445402000466","-73.96021378599966","0.68","0.75","0.59","0.073","0.81","0.71","0.55","0.071"
"02M439","Manhattan","40.7414946990005","-73.99144505299967","1","0.97","0.83","0.077","0.98","0.98","0.77","0.072"
"02M425","Manhattan","40.70914653900047","-74.01207662699966","0.75","0.68","0.43","0.072","0.79","0.59","0.49","0.065"
"02M420","Manhattan","40.73248537800049","-73.98305338799963","0.89","0.86","0.77","0.075","0.88","0.88","0.72","0.067"
"02M419","Manhattan","40.74288810100046","-74.00212738099964","0.8","0.5","0.41","0.072","0.69","0.51","0.43","0.065"
"02M418","Manhattan","40.704920366000465","-74.01151402299968","1","0.99","0.86","0.08","0.97","1","0.84","0.074"
"02M416","Manhattan","40.77011647100045","-73.95337910099965","1","1","0.97","0.083","1","0.98","0.97","0.078"
"02M414","Manhattan","40.74210071300047","-74.00207379699964","0.99","0.98","0.91","0.071","0.99","1","0.86","0.07"
"02M413","Manhattan","40.73894888600046","-73.98540517199967","0.95","0.85","0.77","0.077","0.97","0.83","0.63","0.074"
"02M412","Manhattan","40.74210071300047","-74.00207379699964","0.95","0.95","0.73","0.077","0.95","0.93","0.88","0.07"
"02M411","Manhattan","40.74404724800047","-73.99147929899965","1","0.99","0.96","0.08","1","1","0.91","0.075"
"02M408","Manhattan","40.761432699000466","-73.98802369799967","0.93","0.96","0.66","0.072","0.87","0.93","0.68","0.071"
"02M407","Manhattan","40.73248537800049","-73.98305338799963","1","0.94","0.58","0.082","0.98","0.86","0.57","0.078"
"02M400","Manhattan","40.76776243900048","-73.98751121399965","0.85","0.83","0.64","0.074","0.79","0.82","0.81","0.069"
"02M374","Manhattan","40.73551946300046","-73.98760424899967","0.82","0.77","0.5","0.069","0.82","0.74","0.48","0.067"
"02M316","Manhattan","40.70523493900049","-74.01331503999967","0.77","0.75","0.48","0.069","0.8","0.71","0.64","0.069"
"02M308","Manhattan","40.71686722400045","-73.98953194299963","0.67","0.75","0.52","0.072","0.75","0.68","0.59","0.067"
"02M305","Manhattan","40.71686722400045","-73.98953194299963","0.83","0.83","0.6","0.068","0.79","0.78","0.64","0.063"
"02M303","Manhattan","40.76502670800045","-73.99251657799965","0.78","0.62","0.52","0.078","0.77","0.65","0.43","0.069"
"02M300","Manhattan","40.76502670800045","-73.99251657799965","0.73","0.55","0.55","0.068","0.61","0.61","0.47","0.065"
"02M298","Manhattan","40.716412393000496","-73.99267584399968","0.94","0.89","0.69","0.075","0.9","0.87","0.79","0.07"
"02M296","Manhattan","40.76502670800045","-73.99251657799965","0.82","0.66","0.52","0.073","0.87","0.78","0.43","0.071"
"02M294","Manhattan","40.71686722400045","-73.98953194299963","0.9","0.65","0.49","0.079","0.9","0.77","0.61","0.075"
"02M288","Manhattan","40.76502670800045","-73.99251657799965","0.89","0.84","0.53","0.068","0.89","0.77","0.6","0.066"
"02M500","Manhattan","40.746106375000466","-73.98100966699963","0.8","0.68","0.4","0.076","0.83","0.7","0.5","0.084"
"02M047","Manhattan","40.738599087000466","-73.98251191099968","0.98","0.71","0.42","0.075","0.68","0.55","0.3","0.073"
"01M448","Manhattan","40.7123318510005","-73.98479662499966","0.83","0.78","0.55","0.075","0.92","0.74","0.67","0.066"
"01M450","Manhattan","40.729782687000466","-73.98304144099967","0.92","0.76","0.58","0.084","0.92","0.73","0.56","0.073"
"01M509","Manhattan","40.720569079000484","-73.98567269099965","0.59","0.36","0.38","0.065","0.69","0.6","0.48","0.065"
"01M539","Manhattan","40.718725451000466","-73.97942638599966","0.99","0.98","0.84","0.076","0.97","0.98","0.83","0.072"
"01M696","Manhattan","40.718961617000446","-73.97606602099967","0.96","0.98","0.94","0.082","0.96","0.97","0.97","0.08"
"01M292","Manhattan","40.71376394700047","-73.98526003999967","0.62","0.58","0.32","0.071","0.81","0.51","0.4","0.063"
"06M552","Manhattan","40.83803232200046","-73.93837101799966","0.7","0.64","0.56","0.082","0.46","0.76","0.52","0.075"
"06M540","Manhattan","40.81832126900048","-73.95061382799963","0.73","0.73","0.65","0.089","0.9","0.75","0.63","0.061"
"06M468","Manhattan","40.855938307000486","-73.92702963399967","0.65","0.49","0.36","0.072","0.67","0.57","0.41","0.066"
"06M467","Manhattan","40.855938307000486","-73.92702963399967","0.68","0.6","0.39","0.071","0.71","0.65","0.53","0.065"
"06M463","Manhattan","40.855938307000486","-73.92702963399967","0.68","0.62","0.45","0.075","0.62","0.64","0.37","0.066"
"06M462","Manhattan","40.855938307000486","-73.92702963399967","0.76","0.64","0.42","0.075","0.72","0.59","0.43","0.068"
"05M692","Manhattan","40.821123112000464","-73.94884524399964","1","0.99","0.98","0.082","0.97","0.99","0.6","0.076"
"05M670","Manhattan","40.81536482900049","-73.94389670999965","0.63","0.94","0.63","0.076","0.75","0.9","0.65","0.069"
"05M499","Manhattan","40.82430838500045","-73.93697961299966","0.64","0.8","0.76","0.069","0.47","0.82","0.73","0.062"
"05M369","Manhattan","40.815230365000446","-73.95520120599963","0.85","0.68","0.6","0.066","0.78","0.75","0.57","0.059"
"05M367","Manhattan","40.815230365000446","-73.95520120599963","0.63","0.59","0.23","0.065","0.78","0.37","0.71","0.056"
"05M304","Manhattan","40.817361046000485","-73.94770842099967","0.76","0.69","0.45","0.073","0.67","0.65","0.59","0.067"
"04M680","Manhattan","40.79187961800045","-73.94658639999966","0.78","0.61","0.36","0.065","0.84","0.63","0.29","0.063"
"04M610","Manhattan","40.79270695600047","-73.94729966199964","0.95","1","0.91","0.081","0.97","1","0.83","0.074"
"04M555","Manhattan","40.79367888200045","-73.94941649499964","0.87","0.93","0.73","0.079","0.94","0.85","0.58","0.072"
"04M495","Manhattan","40.7905626000005","-73.94445440799967","0.76","0.76","0.51","0.08","0.92","0.82","0.47","0.071"
"04M435","Manhattan","40.793741706000446","-73.93408414199968","0.95","0.9","0.77","0.072","0.96","0.91","0.74","0.066"
"04M409","Manhattan","40.7988651820005","-73.93336559699964","0.65","0.41","0.22","0.075","0.67","0.47","0.33","0.067"
"03M860","Manhattan","40.802174581000486","-73.95400882799964","0.89","0.65","0.59","0.07","0.81","0.68","0.52","0.065"
"03M541","Manhattan","40.77429641100048","-73.98482270099964","0.94","0.91","0.89","0.078","1","0.95","0.82","0.072"
"03M494","Manhattan","40.77429641100048","-73.98482270099964","0.77","0.64","0.51","0.069","0.79","0.68","0.41","0.067"
"03M492","Manhattan","40.77429641100048","-73.98482270099964","0.76","0.74","0.41","0.071","0.68","0.79","0.53","0.069"
"03M485","Manhattan","40.773670507000475","-73.98526855799963","0.99","0.98","0.86","0.073","0.99","1","0.93","0.068"
"03M479","Manhattan","40.772158119000494","-73.98779653499963","0.97","0.99","0.84","0.081","0.99","0.98","0.89","0.078"
"03M415","Manhattan","40.802174581000486","-73.95400882799964","0.57","0.44","0.31","0.069","0.66","0.43","0.42","0.06"
"03M307","Manhattan","40.77429641100048","-73.98482270099964","0.77","0.61","0.4","0.072","0.8","0.67","0.42","0.067"
"03M299","Manhattan","40.77429641100048","-73.98482270099964","0.74","0.75","0.4","0.072","0.77","0.66","0.37","0.064"
"02M655","Manhattan","40.78364426000047","-73.94574177699963","0.82","0.64","0.4","0.068","0.85","0.69","0.46","0.062"
"02M630","Manhattan","40.76540154100047","-73.98176824599966","0.81","0.84","0.82","0.069","0.89","0.82","0.51","0.064"
"02M615","Manhattan","40.72435287400049","-74.00475929199968","0.83","0.8","0.41","0.075","0.77","0.73","0.25","0.069"
"02M600","Manhattan","40.74511157100045","-73.99590641999964","0.91","0.91","0.66","0.071","0.9","0.89","0.64","0.065"
"28Q896","Queens","40.70820782600049","-73.80407794599967","0.9","0.87","0.93","0.067","0.85","0.96","0.81","0.063"
"24Q264","Queens","40.74509351900048","-73.93681389799963","0.94","0.9","0.83","0.079","0.97","0.96","0.75","0.072"
"24Q267","Queens","40.74509351900048","-73.93681389799963","0.89","0.8","0.6","0.073","0.83","0.76","0.53","0.067"
"24Q296","Queens","40.74330287300046","-73.87057497699965","0.65","0.42","0.33","0.078","0.82","0.48","0.26","0.071"
"24Q299","Queens","40.74509351900048","-73.93681389799963","0.99","0.96","0.99","0.085","1","1","0.93","0.078"
"24Q455","Queens","40.74120520000048","-73.87472988399963","0.82","0.61","0.49","0.076","0.73","0.68","0.4","0.068"
"24Q485","Queens","40.71122219500046","-73.90865212999967","0.7","0.6","0.37","0.071","0.83","0.58","0.32","0.074"
"24Q520","Queens","40.744149536000464","-73.93362674099967","0.83","0.74","0.69","0.078","0.76","0.76","0.55","0.071"
"24Q530","Queens","40.744149536000464","-73.93362674099967","0.95","0.7","0.6","0.083","0.94","0.74","0.57","0.077"
"24Q550","Queens","40.73741817000047","-73.85330572999965","0.9","0.83","0.63","0.076","0.92","0.83","0.52","0.068"
"24Q560","Queens","40.742263515000445","-73.93687612099967","0.91","0.86","0.68","0.078","0.84","0.81","0.68","0.075"
"24Q600","Queens","40.74218869400045","-73.92824329199965","0.87","0.8","0.55","0.07","0.84","0.75","0.53","0.066"
"24Q610","Queens","40.7435936440005","-73.92907786499967","0.96","0.88","0.8","0.073","0.95","0.89","0.57","0.068"
"25Q263","Queens","40.760414170000445","-73.81837627799968","0.85","0.7","0.51","0.08","0.84","0.6","0.42","0.074"
"25Q281","Queens","40.74930280500047","-73.82180810599965","0.86","0.92","0.75","0.074","0.87","0.92","0.75","0.07"
"25Q285","Queens","40.76512327300048","-73.79005967599966","0.98","0.91","0.76","0.067","0.99","0.9","0.82","0.067"
"25Q425","Queens","40.73869720300047","-73.82479482099967","0.8","0.66","0.47","0.07","0.81","0.65","0.43","0.065"
"25Q460","Queens","40.765243471000474","-73.82785528199963","0.68","0.54","0.41","0.062","0.71","0.59","0.37","0.071"
"25Q525","Queens","40.73440841000047","-73.82141748299966","1","1","1","0.08","1","1","1","0.074"
"25Q670","Queens","40.72560316100049","-73.81072114699964","0.89","0.81","0.75","0.082","0.78","0.76","0.65","0.071"
"26Q415","Queens","40.75239242400045","-73.75608335799967","0.82","0.87","0.73","0.066","0.88","0.84","0.76","0.063"
"26Q430","Queens","40.74055571400049","-73.79284814599964","0.92","0.86","0.77","0.082","0.92","0.89","0.79","0.075"
"26Q435","Queens","40.73281710900045","-73.73965041299965","0.76","0.53","0.4","0.06","0.72","0.56","0.45","0.057"
"26Q495","Queens","40.771867242000496","-73.78038695199967","0.97","0.92","0.77","0.078","0.95","0.91","0.73","0.08"
"26Q566","Queens","40.744904361000465","-73.72690964199967","0.82","0.9","0.74","0.069","0.89","0.89","0.7","0.066"
"27Q260","Queens","40.601989336000486","-73.76283432299965","0.79","0.52","0.4","0.066","0.46","0.7","0.55","0.062"
"27Q262","Queens","40.58600718700046","-73.82308944399966","0.89","0.86","0.61","0.079","0.95","0.91","0.72","0.076"
"27Q323","Queens","40.58413137400049","-73.82568121199967","0.98","1","0.94","0.086","1","0.99","0.97","0.081"
"27Q400","Queens","40.67552680900047","-73.78343251299964","0.31","0.39","0.24","0.06","0.57","0.41","0.3","0.068"
"27Q475","Queens","40.6956492220005","-73.83358480499965","0.73","0.58","0.39","0.066","0.81","0.6","0.35","0.062"
"27Q480","Queens","40.679831401000456","-73.83832266399963","0.78","0.52","0.4","0.066","0.77","0.54","0.39","0.065"
"27Q650","Queens","40.68939682600046","-73.84064100099965","0.97","0.98","0.82","0.069","0.96","0.96","0.82","0.067"
"28Q440","Queens","40.729431572000465","-73.84562907299966","0.88","0.86","0.69","0.072","0.88","0.86","0.66","0.07"
"28Q505","Queens","40.70875755500049","-73.80212748599968","0.83","0.72","0.56","0.084","0.86","0.71","0.55","0.069"
"28Q620","Queens","40.71587626100046","-73.79882238899967","0.93","0.84","0.71","0.072","0.9","0.86","0.69","0.068"
"28Q680","Queens","40.718810094000446","-73.80650045499965","1","0.97","0.83","0.069","0.98","0.94","0.9","0.067"
"28Q687","Queens","40.7009987670005","-73.79815352399964","1","0.99","0.84","0.085","0.97","0.98","1","0.07"
"28Q690","Queens","40.68617808300047","-73.78408297499965","0.65","0.76","0.58","0.066","0.71","0.71","0.55","0.061"
"29Q492","Queens","40.69553633600049","-73.73491834199967","0.87","0.69","0.55","0.066","0.88","0.77","0.56","0.072"
"29Q498","Queens","40.69553633600049","-73.73491834199967","0.78","0.74","0.51","0.071","0.83","0.78","0.48","0.061"
"30Q445","Queens","40.75812467500049","-73.91033330899967","0.83","0.66","0.44","0.068","0.75","0.63","0.43","0.065"
"30Q450","Queens","40.765763938000475","-73.93272598499965","0.79","0.59","0.4","0.068","0.79","0.56","0.43","0.063"
"30Q501","Queens","40.75652807400047","-73.92514064399967","0.97","0.94","0.85","0.071","0.99","0.97","0.88","0.068"
"30Q502","Queens","40.74792352300045","-73.94656565899965","0.78","0.67","0.57","0.069","0.75","0.74","0.52","0.063"
"30Q555","Queens","40.751380834000486","-73.93744971899963","0.77","0.7","0.45","0.075","0.9","0.67","0.44","0.068"
"30Q575","Queens","40.751300578000496","-73.93742387699967","0.93","0.92","0.87","0.077","0.89","0.88","0.85","0.07"
"30Q580","Queens","40.75517483300047","-73.92682361399966","1","0.98","0.92","0.083","1","0.97","0.92","0.078"
"29Q248","Queens","40.66823228800047","-73.75683989399965","0.91","0.67","0.36","0.064","0.86","0.57","0.43","0.062"
"29Q259","Queens","40.706387658000494","-73.75353002199967","0.74","0.75","0.51","0.072","0.76","0.78","0.59","0.063"
"29Q265","Queens","40.66823228800047","-73.75683989399965","0.89","0.83","0.46","0.07","0.75","0.77","0.42","0.063"
"29Q272","Queens","40.66823228800047","-73.75683989399965","0.81","0.8","0.5","0.065","0.8","0.76","0.42","0.06"
"29Q283","Queens","40.66823228800047","-73.75683989399965","0.84","0.8","0.62","0.072","0.85","0.83","0.41","0.069"
"31R605","Staten Island","40.567913003000456","-74.11536224299965","1","1","1","0.085","1","1","0.9","0.081"
"31R600","Staten Island","40.642741044000445","-74.07871106299967","0.81","0.6","0.44","0.07","0.77","0.67","0.46","0.068"
"31R460","Staten Island","40.59865238600048","-74.12310475899966","0.87","0.81","0.69","0.074","0.85","0.78","0.74","0.069"
"31R455","Staten Island","40.528228767000485","-74.19215369799963","0.9","0.83","0.66","0.078","0.87","0.85","0.65","0.072"
"31R450","Staten Island","40.64474490100048","-74.08134127399967","0.78","0.79","0.51","0.069","0.79","0.74","0.48","0.064"
"31R440","Staten Island","40.5691824270005","-74.10730080799965","0.81","0.73","0.51","0.068","0.77","0.76","0.53","0.066"
"31R445","Staten Island","40.63384298700049","-74.14210688899965","0.7","0.61","0.42","0.066","0.69","0.63","0.48","0.062"
"31R047","Staten Island","40.58202202600046","-74.15784841899966","0.91","0.97","0.95","0.076","0.95","0.97","0.82","0.069"
"31R080","Staten Island","40.60745302400045","-74.10148222999965","0.9","0.92","0.79","0.08","0.88","0.9","0.68","0.07"
